posicao,letras,maf
897,"{'T', 'C'}",0.13125267208208635
903,"{'T', 'C'}",0.01453612654980761
925,"{'T', 'A', 'G'}",0.014963659683625482
926,"{'G', 'A', 'T', 'C'}",0.014963659683625482
933,"{'G', 'A', 'T', 'C'}",0.011970927746900385
936,"{'G', 'A', 'T', 'C'}",0.01453612654980761
944,"{'G', 'A', 'T', 'C'}",0.013253527148353997
945,"{'G', 'A', 'T', 'C'}",0.01581872595126122
948,"{'T', 'C'}",0.011115861479264643
951,"{'T', 'A', 'C'}",0.016246259085079092
968,"{'A', 'G'}",0.16545532278751604
969,"{'T', 'C', 'G'}",0.02522445489525438
974,"{'G', 'A', 'T', 'C'}",0.01410859341598974
976,"{'A', 'C', 'G'}",0.01453612654980761
977,"{'A', 'G'}",0.1616075245831552
1017,"{'C', 'A', 'G'}",0.0235143223599829
1018,"{'G', 'A', 'T', 'C'}",0.013253527148353997
1021,"{'T', 'C'}",0.1748610517315092
1024,"{'G', 'A', 'T', 'C'}",0.01410859341598974
1050,"{'A', 'C', 'G'}",0.20607097050021378
1051,"{'T', 'A', 'C'}",0.04189824711415135
1059,"{'A', 'C', 'G'}",0.026079521162890123
1062,"{'G', 'A', 'T', 'C'}",0.015391192817443352
1063,"{'A', 'T', 'C'}",0.011115861479264643
1067,"{'A', 'G'}",0.19623770842240273
1082,"{'A', 'C', 'G'}",0.034202650705429674
1085,"{'A', 'G'}",0.2099187687045746
1101,"{'G', 'A', 'T', 'C'}",0.013681060282171868
1102,"{'G', 'A', 'T', 'C'}",0.011115861479264643
1104,"{'G', 'A', 'T', 'C'}",0.011115861479264643
1107,"{'G', 'A', 'T', 'C'}",0.013253527148353997
1151,"{'G', 'A', 'T', 'C'}",0.010688328345446772
1153,"{'G', 'A', 'T', 'C'}",0.01581872595126122
1155,"{'A', 'T', 'C'}",0.010688328345446772
1156,"{'A', 'T', 'C'}",0.01453612654980761
1157,"{'G', 'A', 'T', 'C'}",0.020094057289439932
1159,"{'T', 'C'}",0.01410859341598974
1160,"{'G', 'A', 'T', 'C'}",0.010260795211628902
1161,"{'T', 'A', 'G'}",0.011115861479264643
1162,"{'T', 'C'}",0.2364258230012826
1163,"{'T', 'A'}",0.012825994014536126
1164,"{'A', 'G'}",0.012825994014536126
1165,"{'T', 'C'}",0.012825994014536126
1168,"{'T', 'G'}",0.012825994014536126
1173,"{'A', 'G'}",0.013681060282171868
1181,"{'G', 'A', 'T', 'C'}",0.03591278324070116
1183,"{'G', 'A', 'T', 'C'}",0.02436938862761864
1186,"{'A', 'C', 'G'}",0.020094057289439932
1187,"{'A', 'T', 'C'}",0.012825994014536126
1189,"{'G', 'A', 'T', 'C'}",0.01838392475416845
1203,"{'G', 'A', 'T', 'C'}",0.020094057289439932
1209,"{'A', 'C'}",0.08294142796066695
1210,"{'G', 'A', 'T', 'C'}",0.01410859341598974
1220,"{'A', 'G', 'C'}",0.011115861479264643
1225,"{'G', 'A', 'T', 'C'}",0.010688328345446772
1226,"{'G', 'A', 'T', 'C'}",0.011115861479264643
1227,"{'G', 'A', 'T', 'C'}",0.010688328345446772
1228,"{'G', 'A', 'T', 'C'}",0.011115861479264643
1230,"{'G', 'A', 'T', 'C'}",0.011970927746900385
1234,"{'T', 'C', 'G'}",0.013253527148353997
1236,"{'G', 'A', 'T', 'C'}",0.029499786233433092
1238,"{'G', 'A', 'T', 'C'}",0.011115861479264643
1240,"{'G', 'A', 'T', 'C'}",0.014963659683625482
1251,"{'A', 'C', 'G'}",0.013253527148353997
1256,"{'G', 'A', 'T', 'C'}",0.011543394613082514
1257,"{'G', 'A', 'T', 'C'}",0.014963659683625482
1261,"{'A', 'T', 'C'}",0.010260795211628902
1264,"{'G', 'A', 'T', 'C'}",0.011543394613082514
1292,"{'T', 'C', 'G'}",0.01838392475416845
1301,"{'T', 'C'}",0.21932449764856776
1324,"{'A', 'G'}",0.33988884138520736
1346,"{'T', 'A', 'G'}",0.030354852501068834
1352,"{'G', 'A', 'T', 'C'}",0.037195382642154766
1353,"{'T', 'A', 'G'}",0.010260795211628902
1357,"{'T', 'C', 'G'}",0.014963659683625482
1373,"{'C', 'G'}",0.03976058144506199
1375,"{'T', 'C'}",0.08336896109448483
1380,"{'T', 'C'}",0.021376656690893545
1382,"{'T', 'C'}",0.2663531423685336
1391,"{'T', 'C'}",0.013681060282171868
1392,"{'A', 'G'}",0.013681060282171868
1393,"{'T', 'C'}",0.013253527148353997
1395,"{'T', 'G'}",0.013253527148353997
1401,"{'T', 'A', 'C'}",0.08294142796066695
1402,"{'T', 'A', 'G'}",0.2069260367678495
1403,"{'T', 'C', 'G'}",0.22873022659256093
1405,"{'G', 'A', 'T', 'C'}",0.020949123557075674
1406,"{'G', 'A', 'T', 'C'}",0.01881145788798632
1412,"{'A', 'C', 'G'}",0.013253527148353997
1418,"{'G', 'A', 'T', 'C'}",0.013253527148353997
1425,"{'T', 'A', 'G'}",0.03805044890979051
1428,"{'A', 'C', 'G'}",0.020094057289439932
1429,"{'G', 'A', 'T', 'C'}",0.011115861479264643
1430,"{'A', 'G'}",0.2321504916631039
1431,"{'A', 'G'}",0.2334330910645575
1433,"{'A', 'C', 'G'}",0.011115861479264643
1434,"{'T', 'A', 'G'}",0.011115861479264643
1437,"{'A', 'G'}",0.19153484395040615
1439,"{'A', 'C'}",0.03762291577597264
1440,"{'T', 'A', 'C'}",0.012825994014536126
1441,"{'C', 'A', 'G'}",0.013253527148353997
1442,"{'T', 'C', 'G'}",0.027789653698161606
1444,"{'G', 'A', 'T', 'C'}",0.012398460880718255
1445,"{'G', 'A', 'T', 'C'}",0.013253527148353997
1446,"{'G', 'A', 'T', 'C'}",0.013253527148353997
1448,"{'A', 'G'}",0.040188114578879865
1450,"{'A', 'C', 'G'}",0.03163745190252244
1452,"{'G', 'A', 'T', 'C'}",0.017101325352714837
1456,"{'T', 'A', 'G'}",0.010688328345446772
1458,"{'G', 'A', 'T', 'C'}",0.01966652415562206
1459,"{'G', 'A', 'T', 'C'}",0.04873877725523728
1464,"{'T', 'C'}",0.2334330910645575
1467,"{'A', 'G'}",0.013253527148353997
1474,"{'A', 'G'}",0.013253527148353997
1477,"{'T', 'C'}",0.013253527148353997
1480,"{'T', 'A'}",0.013253527148353997
1535,"{'A', 'C', 'G'}",0.2069260367678495
1537,"{'T', 'C', 'G'}",0.10688328345446772
1540,"{'A', 'T', 'C'}",0.01923899102180419
1551,"{'A', 'C', 'G'}",0.010688328345446772
1554,"{'T', 'C'}",0.01838392475416845
1563,"{'T', 'C'}",0.01581872595126122
1566,"{'T', 'G'}",0.01838392475416845
1590,"{'G', 'A', 'T', 'C'}",0.016673792218896963
1595,"{'T', 'A', 'G'}",0.02479692176143651
1619,"{'G', 'A', 'T', 'C'}",0.07310816588285592
1622,"{'T', 'C'}",0.2629328772979906
1721,"{'A', 'T', 'C'}",0.08336896109448483
1728,"{'G', 'A', 'T', 'C'}",0.010260795211628902
1729,"{'A', 'C', 'G'}",0.1218469431380932
1731,"{'G', 'A', 'T', 'C'}",0.010688328345446772
1732,"{'G', 'A', 'T', 'C'}",0.011543394613082514
1744,"{'T', 'C'}",0.011115861479264643
1745,"{'A', 'T', 'C'}",0.011115861479264643
1746,"{'A', 'T', 'C'}",0.010688328345446772
1752,"{'C', 'G'}",0.011115861479264643
1766,"{'T', 'C'}",0.2672082086361693
1767,"{'T', 'C'}",0.2176143651132963
1768,"{'G', 'A', 'T', 'C'}",0.011970927746900385
1774,"{'A', 'C', 'G'}",0.2321504916631039
1777,"{'A', 'C', 'G'}",0.01453612654980761
1778,"{'A', 'T', 'C'}",0.034202650705429674
1785,"{'T', 'C'}",0.03762291577597264
1790,"{'G', 'A', 'T', 'C'}",0.014963659683625482
1791,"{'G', 'A', 'T', 'C'}",0.03463018383924754
1792,"{'T', 'A', 'C'}",0.2321504916631039
1793,"{'G', 'A', 'T', 'C'}",0.027789653698161606
1796,"{'T', 'A', 'C'}",0.02864471996579735
1803,"{'T', 'C'}",0.010260795211628902
1815,"{'G', 'A', 'T', 'C'}",0.029927319367250963
1817,"{'G', 'A', 'T', 'C'}",0.011970927746900385
1820,"{'T', 'C'}",0.2321504916631039
1821,"{'A', 'C', 'G'}",0.011543394613082514
1824,"{'T', 'C'}",0.045318512184694314
1825,"{'G', 'A', 'T', 'C'}",0.013253527148353997
1830,"{'T', 'C'}",0.03463018383924754
1836,"{'T', 'A', 'C'}",0.036340316374519024
1837,"{'A', 'G'}",0.05942710560068405
1838,"{'A', 'T', 'C'}",0.026507054296707994
1858,"{'T', 'C', 'G'}",0.04489097905087644
1860,"{'T', 'C'}",0.03206498503634032
1879,"{'T', 'C'}",0.033347584437793926
1882,"{'A', 'G'}",0.010260795211628902
1885,"{'A', 'G'}",0.015391192817443352
1888,"{'T', 'C', 'G'}",0.23471569046601112
1890,"{'A', 'T', 'C'}",0.03463018383924754
1894,"{'T', 'C'}",0.4356562633604104
1899,"{'G', 'A', 'T', 'C'}",0.08123129542539546
1900,"{'C', 'A', 'G'}",0.08422402736212056
1901,"{'A', 'T', 'C'}",0.014963659683625482
1902,"{'A', 'T', 'C'}",0.013681060282171868
1943,"{'G', 'A', 'T', 'C'}",0.031209918768704575
1947,"{'A', 'T', 'C'}",0.013253527148353997
1948,"{'T', 'C'}",0.31765711842667804
1954,"{'T', 'G'}",0.011543394613082514
1964,"{'T', 'A', 'G'}",0.0337751175716118
1966,"{'T', 'C'}",0.01410859341598974
1973,"{'G', 'A', 'T', 'C'}",0.08465156049593843
1975,"{'G', 'A', 'T', 'C'}",0.04574604531851219
1976,"{'T', 'C'}",0.31124412141941
1996,"{'T', 'C'}",0.011115861479264643
2007,"{'T', 'C'}",0.012398460880718255
2009,"{'G', 'A', 'T', 'C'}",0.016246259085079092
2019,"{'T', 'C'}",0.03548525010688328
2024,"{'T', 'A'}",0.026934587430525864
2067,"{'A', 'T', 'C'}",0.012825994014536126
2069,"{'A', 'C', 'G'}",0.2231722958529286
2076,"{'G', 'A', 'T', 'C'}",0.033347584437793926
2080,"{'A', 'C', 'G'}",0.011115861479264643
2111,"{'G', 'A', 'T', 'C'}",0.03890551517742625
2112,"{'G', 'A', 'T', 'C'}",0.01410859341598974
2115,"{'G', 'A', 'T', 'C'}",0.016673792218896963
2117,"{'A', 'T', 'C'}",0.011115861479264643
2120,"{'A', 'T', 'C'}",0.012825994014536126
2137,"{'T', 'A', 'C'}",0.0470286447199658
2138,"{'G', 'A', 'T', 'C'}",0.037195382642154766
2140,"{'T', 'C', 'G'}",0.011543394613082514
2146,"{'G', 'A', 'T', 'C'}",0.045318512184694314
2147,"{'G', 'A', 'T', 'C'}",0.07439076528430953
2151,"{'G', 'A', 'T', 'C'}",0.011115861479264643
2152,"{'T', 'C', 'G'}",0.06840530141085935
2160,"{'A', 'G'}",0.01881145788798632
2164,"{'A', 'G'}",0.017101325352714837
2168,"{'G', 'A', 'T', 'C'}",0.11671654553227875
2179,"{'A', 'G'}",0.012398460880718255
2185,"{'G', 'A', 'T', 'C'}",0.010688328345446772
2211,"{'A', 'T', 'C'}",0.016673792218896963
2214,"{'G', 'A', 'T', 'C'}",0.03805044890979051
2215,"{'A', 'C', 'G'}",0.012825994014536126
2220,"{'G', 'A', 'T', 'C'}",0.011115861479264643
2224,"{'A', 'T', 'C'}",0.011115861479264643
2228,"{'A', 'C', 'G'}",0.2201795639162035
2229,"{'G', 'A', 'T', 'C'}",0.033347584437793926
2250,"{'A', 'G'}",0.23086789226165028
2257,"{'G', 'A', 'T', 'C'}",0.029499786233433092
2261,"{'T', 'C'}",0.03976058144506199
2269,"{'A', 'G'}",0.010688328345446772
2285,"{'T', 'C'}",0.03548525010688328
2287,"{'T', 'C'}",0.03548525010688328
2294,"{'G', 'A', 'T', 'C'}",0.010688328345446772
2296,"{'G', 'A', 'T', 'C'}",0.0337751175716118
2297,"{'G', 'A', 'T', 'C'}",0.035057716973065416
2311,"{'A', 'T', 'C'}",0.03292005130397606
2315,"{'T', 'C', 'G'}",0.04831124412141941
2316,"{'A', 'C', 'G'}",0.03548525010688328
2317,"{'A', 'G', 'C'}",0.0837964942283027
2325,"{'G', 'A', 'T', 'C'}",0.010260795211628902
2331,"{'G', 'A', 'T', 'C'}",0.022231722958529286
2337,"{'G', 'A', 'T', 'C'}",0.010260795211628902
2339,"{'G', 'A', 'T', 'C'}",0.011970927746900385
2341,"{'T', 'A', 'G'}",0.010688328345446772
2346,"{'G', 'A', 'T', 'C'}",0.011543394613082514
2349,"{'G', 'A', 'T', 'C'}",0.010688328345446772
2353,"{'G', 'A', 'T', 'C'}",0.0337751175716118
2354,"{'G', 'A', 'T', 'C'}",0.01410859341598974
2357,"{'A', 'C', 'G'}",0.04660111158614793
2360,"{'G', 'A', 'T', 'C'}",0.03762291577597264
2361,"{'G', 'A', 'T', 'C'}",0.011970927746900385
2363,"{'A', 'G', 'C'}",0.012398460880718255
2367,"{'T', 'C', 'G'}",0.03805044890979051
2368,"{'G', 'A', 'T', 'C'}",0.012825994014536126
2369,"{'T', 'A', 'C'}",0.051303976058144504
2374,"{'A', 'G'}",0.24540401881145787
2375,"{'A', 'T', 'C'}",0.034202650705429674
2379,"{'T', 'C', 'G'}",0.032492518170158184
2380,"{'T', 'C'}",0.07097050021376657
2382,"{'G', 'A', 'T', 'C'}",0.013681060282171868
2384,"{'G', 'A', 'T', 'C'}",0.015391192817443352
2385,"{'G', 'A', 'T', 'C'}",0.011970927746900385
2388,"{'G', 'A', 'T', 'C'}",0.03805044890979051
2392,"{'T', 'C'}",0.03463018383924754
2395,"{'A', 'C', 'G'}",0.035057716973065416
2408,"{'A', 'C', 'G'}",0.08251389482684908
2411,"{'G', 'A', 'T', 'C'}",0.011970927746900385
2412,"{'G', 'A', 'T', 'C'}",0.02907225309961522
2414,"{'T', 'C', 'G'}",0.08336896109448483
2415,"{'A', 'C', 'G'}",0.035057716973065416
2416,"{'A', 'T', 'C'}",0.010688328345446772
2419,"{'G', 'A', 'T', 'C'}",0.013253527148353997
2440,"{'T', 'A'}",0.012825994014536126
2441,"{'A', 'G'}",0.01581872595126122
2442,"{'A', 'C', 'G'}",0.010688328345446772
2447,"{'A', 'C', 'G'}",0.05087644292432664
2449,"{'T', 'C'}",0.3317657118426678
2450,"{'G', 'A', 'T', 'C'}",0.011543394613082514
2451,"{'T', 'A', 'G'}",0.08336896109448483
2462,"{'A', 'G'}",0.01410859341598974
2471,"{'T', 'A', 'G'}",0.011115861479264643
2476,"{'T', 'A', 'C'}",0.03548525010688328
2479,"{'T', 'A', 'C'}",0.010260795211628902
2490,"{'A', 'C', 'G'}",0.013253527148353997
2491,"{'T', 'C', 'G'}",0.013253527148353997
2493,"{'A', 'G', 'C'}",0.010688328345446772
2496,"{'A', 'G'}",0.013253527148353997
2497,"{'A', 'C', 'G'}",0.012825994014536126
2499,"{'T', 'C'}",0.030782385634886705
2502,"{'A', 'C', 'G'}",0.029927319367250963
2503,"{'T', 'A', 'C'}",0.05044890979050876
2509,"{'T', 'C', 'G'}",0.0867892261650278
2516,"{'A', 'C', 'G'}",0.035057716973065416
2518,"{'G', 'A', 'T', 'C'}",0.01453612654980761
2522,"{'G', 'A', 'T', 'C'}",0.011115861479264643
2523,"{'T', 'C', 'G'}",0.012825994014536126
2526,"{'A', 'T', 'C'}",0.029927319367250963
2530,"{'A', 'G'}",0.03976058144506199
2533,"{'T', 'A', 'C'}",0.010688328345446772
2538,"{'T', 'A', 'G'}",0.029927319367250963
2540,"{'A', 'C', 'G'}",0.011115861479264643
2541,"{'A', 'C'}",0.042325780247969215
2542,"{'T', 'A', 'G'}",0.012825994014536126
2543,"{'T', 'A', 'C'}",0.012825994014536126
2545,"{'G', 'A', 'T', 'C'}",0.027362120564343735
2546,"{'G', 'A', 'T', 'C'}",0.012398460880718255
2547,"{'T', 'C', 'G'}",0.02436938862761864
2549,"{'C', 'A', 'G'}",0.01881145788798632
2569,"{'T', 'C'}",0.012825994014536126
2576,"{'A', 'G'}",0.014963659683625482
2577,"{'T', 'A', 'C'}",0.016673792218896963
2583,"{'G', 'A', 'T', 'C'}",0.030782385634886705
2584,"{'A', 'T', 'C'}",0.029499786233433092
2587,"{'A', 'C', 'G'}",0.08294142796066695
2588,"{'G', 'A', 'T', 'C'}",0.01923899102180419
2595,"{'G', 'A', 'T', 'C'}",0.036340316374519024
2597,"{'G', 'A', 'T', 'C'}",0.01966652415562206
2598,"{'G', 'A', 'T', 'C'}",0.031209918768704575
2601,"{'A', 'T', 'C'}",0.03548525010688328
2609,"{'C', 'G'}",0.029499786233433092
2641,"{'T', 'C'}",0.060282171868319794
2642,"{'T', 'C'}",0.029927319367250963
2648,"{'T', 'C'}",0.029499786233433092
2650,"{'T', 'C', 'G'}",0.029499786233433092
2803,"{'A', 'G'}",0.03206498503634032
2807,"{'T', 'C'}",0.010688328345446772
2817,"{'T', 'C'}",0.05643437366395896
2820,"{'T', 'C'}",0.04275331338178709
2821,"{'A', 'G'}",0.012825994014536126
2827,"{'T', 'A', 'C'}",0.012398460880718255
2830,"{'A', 'G'}",0.013253527148353997
2921,"{'T', 'C', 'G'}",0.011115861479264643
2923,"{'T', 'C', 'G'}",0.011543394613082514
2979,"{'A', 'T', 'C'}",0.035057716973065416
2982,"{'T', 'C'}",0.06327490380504489
2984,"{'G', 'A', 'T', 'C'}",0.010688328345446772
2993,"{'G', 'A', 'T', 'C'}",0.0470286447199658
2994,"{'G', 'A', 'T', 'C'}",0.015391192817443352
3046,"{'G', 'A', 'T', 'C'}",0.045318512184694314
3049,"{'T', 'C', 'G'}",0.012398460880718255
3050,"{'G', 'A', 'T', 'C'}",0.04446344591705857
3060,"{'G', 'A', 'T', 'C'}",0.05386917486105173
3065,"{'G', 'A', 'T', 'C'}",0.011115861479264643
3067,"{'A', 'G', 'C'}",0.013253527148353997
3070,"{'G', 'A', 'T', 'C'}",0.011970927746900385
3080,"{'G', 'A', 'T', 'C'}",0.03933304831124412
3083,"{'G', 'A', 'T', 'C'}",0.013253527148353997
3091,"{'T', 'G'}",0.013253527148353997
3098,"{'T', 'C'}",0.011970927746900385
3102,"{'G', 'A', 'T', 'C'}",0.04959384352287302
3104,"{'G', 'A', 'T', 'C'}",0.045318512184694314
3105,"{'T', 'C'}",0.2171868319794784
3107,"{'A', 'C', 'G'}",0.010688328345446772
3132,"{'G', 'A', 'T', 'C'}",0.01581872595126122
3135,"{'G', 'A', 'T', 'C'}",0.027362120564343735
3157,"{'G', 'A', 'T', 'C'}",0.01795639162035058
3167,"{'A', 'G'}",0.2552372808892689
3171,"{'T', 'C'}",0.18170158187259514
3172,"{'A', 'T', 'C'}",0.04360837964942283
3175,"{'G', 'A', 'T', 'C'}",0.042325780247969215
3221,"{'A', 'C', 'G'}",0.042325780247969215
3231,"{'T', 'A', 'C'}",0.1761436511329628
3248,"{'T', 'A', 'G'}",0.07652843095339888
3250,"{'T', 'A', 'C'}",0.16374519025224454
3252,"{'T', 'C', 'G'}",0.16460025651988028
3254,"{'G', 'A', 'T', 'C'}",0.012825994014536126
3258,"{'T', 'A', 'G'}",0.021804189824711415
3263,"{'G', 'A', 'T', 'C'}",0.03762291577597264
3292,"{'T', 'C'}",0.027362120564343735
3296,"{'A', 'G'}",0.026507054296707994
3298,"{'A', 'G'}",0.026507054296707994
3299,"{'T', 'C'}",0.037195382642154766
3301,"{'T', 'C'}",0.011115861479264643
3305,"{'A', 'G'}",0.034202650705429674
3306,"{'A', 'G'}",0.010688328345446772
3308,"{'A', 'G'}",0.03463018383924754
3345,"{'T', 'C'}",0.19581017528858485
3346,"{'T', 'C'}",0.1248396750748183
3352,"{'A', 'C', 'G'}",0.02864471996579735
3408,"{'A', 'G', 'C'}",0.026507054296707994
3411,"{'T', 'A', 'G'}",0.011543394613082514
3422,"{'G', 'A', 'T', 'C'}",0.01581872595126122
3423,"{'G', 'A', 'T', 'C'}",0.011115861479264643
3430,"{'T', 'A', 'G'}",0.010688328345446772
3431,"{'A', 'G'}",0.041043180846515606
3432,"{'A', 'G'}",0.04147071398033347
3441,"{'T', 'G'}",0.0235143223599829
3445,"{'T', 'C'}",0.1483539974348012
3446,"{'G', 'A', 'T', 'C'}",0.027789653698161606
3449,"{'A', 'C', 'G'}",0.015391192817443352
3451,"{'A', 'G'}",0.15091919623770841
3453,"{'A', 'G'}",0.07567336468576315
3456,"{'G', 'A', 'T', 'C'}",0.015391192817443352
3458,"{'A', 'G', 'C'}",0.026079521162890123
3459,"{'A', 'C'}",0.1218469431380932
3495,"{'A', 'C', 'G'}",0.025651988029072252
3502,"{'T', 'A', 'G'}",0.026079521162890123
3514,"{'A', 'G'}",0.046173578452330055
3518,"{'A', 'T', 'C'}",0.011115861479264643
3523,"{'A', 'G'}",0.04147071398033347
3526,"{'A', 'G'}",0.03976058144506199
3545,"{'T', 'C'}",0.011970927746900385
3548,"{'T', 'C'}",0.046173578452330055
3556,"{'T', 'A', 'C'}",0.011970927746900385
3557,"{'T', 'A', 'G'}",0.011543394613082514
3559,"{'T', 'C'}",0.04061564771269773
3675,"{'A', 'G'}",0.022659256092347157
3762,"{'A', 'G'}",0.04061564771269773
3790,"{'A', 'G'}",0.04189824711415135
3892,"{'A', 'C'}",0.04147071398033347
3930,"{'T', 'C'}",0.04061564771269773
3934,"{'T', 'C'}",0.04147071398033347
3981,"{'A', 'G'}",0.029499786233433092
3982,"{'T', 'A'}",0.032492518170158184
3985,"{'A', 'C'}",0.033347584437793926
3987,"{'T', 'C'}",0.03206498503634032
